l_english:
 STATE_ANGOSTURA: "Angostura"
 STATE_CUZCO: "Cuzco"
 STATE_NEAR_ANTISUYU: "Near Antisuyu"

 STATE_CUNTISUYU: "Cuntisuyu"
 STATE_TIWANAKU: "Tiwanaku"
 STATE_ANTISUYU: "Antisuyu"
 STATE_ATACAMA: "Atacama"
 STATE_CHARCAS: "Charcas"
 STATE_TILCARA: "Tilcara"
 STATE_NEAR_COLLASUYU: "Near Collasuyu"
 STATE_CATAMARCA: "Catamarca"
 STATE_KUCHICHAY: "Kuchichay"

 STATE_LIBREVILLE: "Libreville"
 STATE_CHACO_BOREAL: "Chaco Boreal"
 STATE_NOUVELLE_ALSACE: "Nouvelle Alsace"
 STATE_SERMOISE_SUR_ODON: "Sermoise-sur-Odon"
 STATE_BRUXELLES_SUR_ODON: "Bruxelles-sur-Odon"
 STATE_MARCHES_OUEST: "Marches Ouest"
 STATE_BOURGOGNE_DU_SUD: "Bourgogne-du-Sud"
 STATE_LORRAINE_ATLANTIQUE: "Lorraine Atlantique"
 STATE_TRANSFLEUVE: "Transfleuve"

 STATE_AVALON: "Avalon"
 STATE_NEW_LONDON: "New London"
 STATE_GODWINSON: "Godwinson"
 STATE_NORTHUMBRIA: "Northumbria"
 STATE_WESSEX: "Wessex"
 STATE_EOFERWIC: "Eoferwic"

 STATE_FRANCE_ANTARTIQUE: "France Antartique"
 STATE_COTE_DU_SUCRE: "Côte du Sucre"
 STATE_GOUAS: "Gouas"
 STATE_MONTS_DIAMANTS: "Monts-Diamants"
 STATE_COTE_DU_CAFE: "Côte du Café"
 STATE_CAPPADOCE: "Cappadoce"
 STATE_VAURA: "Vaura"
 
 STATE_GRAND_CHACO: "Grand Chaco"
 STATE_NEW_CORNWALL: "New Cornwall"
 STATE_COLLASUYU: "Collasuyu"
 STATE_AMAZONIE_INFERIEURE: "Amazonie Inférieure"
 STATE_PROCHE_AMAZONIE: "Proche Amazonie"
 STATE_AMAZONIE_PROFONDE: "Amazonie Profonde"
 STATE_LANDS_END: "Land's End"
 
 STATE_NOUVELLE_FLANDRE: "Nouvelle Flandre"
 STATE_PHILIPPA: "Philippa"
 STATE_BASSE_VALOISIE: "Basse Valoisie"
 STATE_HAUTE_VALOISIE: "Haute Valoisie"
 STATE_CAROLINA: "Carolina"
 STATE_FLANDRE_SUPERIEURE: "Flandre Supérieure"
 STATE_NOUVELLE_LORRAINE: "Nouvelle Lorraine"
 
 STATE_NOUVELLE_FRANCE: "Nouvelle France"
 STATE_CHARLESIE: "Charlésie"
 STATE_TUSKGI: "Tuskgi"
 STATE_LEONIE: "Léonie"
 STATE_ALIBAMON: "Alibamon"
 STATE_PAYS_CHEROKIS: "Pays Chérokîs"
 STATE_NOUVEAU_LEINSTRE: "Nouveau Leinstre"
 STATE_MESSIPPI: "Messippi"
 STATE_PAYS_DES_ILLINOIS: "Pays des Illinois"
 
 STATE_VINLAND: "Vinland"
 STATE_KRONELAND: "Kroneland"
 STATE_OSTERLAND: "Østerland"
 STATE_STORSJOARNA: "Storsjoarna"
 STATE_NYE_TRONDELAG: "Nye Trondelag"
 STATE_SAGINAW: "Saginaw"
 STATE_SKRAELINGMARK: "Skrælingmark"
 STATE_MARKLAND: "Markland"
 STATE_KRISTIANIA: "Kristiania"
 STATE_TRAVALDE: "Trävälde"
 STATE_HELLULAND: "Helluland"
 STATE_KALMARSBORG: "Kalmarsborg"
 
 STATE_QINGQIU: "Qingqiu"
 STATE_SHANGU_SIWANG: "Shangu Siwang"
 STATE_DONGJI: "Dongji"
 STATE_XIAZHOU: "Xiazhou"
 STATE_JULINYUTIAN: "Julinyutian"
 STATE_DAYAN: "Dayan"
 
 STATE_ROHNNST: "Røhnnst"
 
 STATE_KITA_KAIGAN: "Kita Kaigan"
 STATE_GURETONOSU: "Guretonosu"
 
 STATE_ATHESIA: "Athesia"
 STATE_ELEUTHERA: "Eleuthera"
 
 STATE_EENDRACHTSLAND: "Eendrachtsland"
 
 STATE_SUDURHAFEYJAR: "Sydoe"
 STATE_RIGHAVN: "Righavn"
 
 STATE_LUSITANIA: "Lusitania"
 STATE_TERRAS_VERMELHAS: "Terras Vermelhas"
 STATE_TEJAS: "Santa Bárbara"
 STATE_MANAGUA: "Manágua"
 
 
 STATE_MESSIPPI_SUPERIEURE: "Messippi Supérieure"
 STATE_NOUVEAU_LANCASTRE: "Nouveau Lancastre"
 STATE_TERRES_CAU: "Terres-Cau"
 STATE_TERRES_ROUGES: "Terres-Rouges"
 STATE_TERRES_MAHA: "Terres-Maha"
 STATE_LAOFENG: "Laofeng"
 STATE_YULIN: "Yulin"
 STATE_HAIKOU: "Haikou"
 STATE_YICHENG: "Yicheng"
 STATE_BAIZEHU: "Baizehu"
 STATE_ODENSMARK: "Odensmark"
 STATE_GYLHENVIK: "Gylhenvik"
 STATE_TJORNIN: "Tjornin"
 
 STATE_ALSACE: "Alsace"
 STATE_PALATINATE: "Palatinate"
 
 STATE_EAST_FRISIA: "East Frisia"
 STATE_THURINGIA: "Thuringia"
 
 STATE_CARTAGENA: "Cartagena"
 
 STATE_VOJVODINA: "Vojvodina"
 
 STATE_YEDISAN: "Yedisan"
 STATE_DANU: "Danu"
 STATE_QOBAN: "Qoban"
 
 STATE_IDEL: "Idel"
 STATE_BASHKORTOSTAN: "Bashkortostan"
 
 STATE_ZHENG_HE: "Shuangrong"
 STATE_QINGSHUI: "Yaluo"
 STATE_PARLEVAR: "Vargø og Kænguruholm"
 STATE_TAITUNG: "Ruisha"
 STATE_WEIZHOU: "Tingzhou"
 STATE_YONGJIA: "Yongjia"
 STATE_PITJANTJAJARA: "Tanami"
 STATE_COOMALONG: "Nouvelle-Zélande"
 STATE_WENCHENG: "Jiangzhou"
 STATE_OODNATTA: "Terrejean"
 STATE_NOONGAR: "Rivière des Cygnes"
 STATE_YOLNGU: "Margere"
 STATE_MOTU_PARI: "Motu Pari"
 STATE_MOTU_TIMU: "Ny Sjælland"
 STATE_WEIHUAI: "Weihuai"
 STATE_JINZHOU: "Jinzhou"
 STATE_YONGLING: "Yongling"
 STATE_GUANSHAN: "Guanshan"
 STATE_XINXIANG: "Xinxiang"
 
 STATE_TERRA_DORO: "Terra d'Oro"
 STATE_MAROUA: "Maroua"
 STATE_NOORDLAND: "Noordland"
 STATE_ADAL: "Adal"
 STATE_TRANS_ORANJE: "Trans-Oranje"

 STATE_VYATKA: "Vyatka"
 STATE_DVINA: "Dvina"
 STATE_OKA: "Oka"
 STATE_SLOBOZ: "Sloboda Ukraine"

 STATE_ARMAGNAC: "Armagnac"
 STATE_LIMOUSIN: "Limousin"
 STATE_LOIRE: "Loire"
STATE_AUVERGNE: "Auvergne"