l_english:


###AMERIGA###
#Tawantinsuyu
 STATE_CUZCO: "Qusqu"
 STATE_CUNTISUYU: "Kuntisuyu"
 STATE_NEAR_ANTISUYU: "Near Antisuyu"
 STATE_ANTISUYU: "Antisuyu"
 STATE_TIWANAKU: "Qullaw"
 STATE_ATACAMA: "Atakama"
 STATE_CHARCAS: "Charkamarka"
 STATE_TILCARA: "Humawaqay"
 STATE_NEAR_COLLASUYU: "Chiri"
 STATE_CATAMARCA: "Kiri-Kiri"
 STATE_KUCHICHAY: "Kuyun"

#Lotharingia
 STATE_LIBREVILLE: "Parigny-les-vaux"
 STATE_CHACO_BOREAL: "Marches Marais"
 STATE_NOUVELLE_ALSACE: "Nouvelle Alsace"
 STATE_SERMOISE_SUR_ODON: "Sermoise-sur-Odon"
 STATE_BRUXELLES_SUR_ODON: "Ruisseauville"
 STATE_MARCHES_OUEST: "Marche d'Ouest"
 STATE_BOURGOGNE_DU_SUD: "Bourgogne-du-Sud"
 STATE_LORRAINE_ATLANTIQUE: "Lorraine Atlantique"
 STATE_TRANSFLEUVE: "Transfleuve"

#Beornia
 STATE_AVALON: "Avalon"
 STATE_NEW_LONDON: "Alfredshire"
 STATE_GODWINSON: "Godwinson"
 STATE_NORTHUMBRIA: "Northweald"
 STATE_WESSEX: "Wessex"
 STATE_EOFERWIC: "Zion"

#Amazonie
 STATE_FRANCE_ANTARTIQUE: "France Antartique"
 STATE_COTE_DU_SUCRE: "Côte du Sucre"
 STATE_GOUAS: "Gouas"
 STATE_MONTS_DIAMANTS: "Monts-Diamants"
 STATE_COTE_DU_CAFE: "Côte du Café"
 STATE_CAPPADOCE: "Cappadoce"
 STATE_VAURA: "Vaura"
 
 #Uncolonised
 STATE_ANGOSTURA: "Angostura"
 STATE_GRAND_CHACO: "Chaco"
 STATE_NEW_CORNWALL: "Puelmapu"
 STATE_COLLASUYU: "Ngulumapu"
 STATE_AMAZONIE_INFERIEURE: "Basse Amazonie"
 STATE_PROCHE_AMAZONIE: "Haute Amazonie"
 STATE_AMAZONIE_PROFONDE: "Rupa-Rupa"
 STATE_LANDS_END: "Land's End"
 
 ###ARCADIA###
 #Belgium
 STATE_NOUVELLE_FLANDRE: "Nouvèl Flande"
 STATE_PHILIPPA: "Filipa"
 STATE_BASSE_VALOISIE: "Base Valoisy"
 STATE_HAUTE_VALOISIE: "Hôte Valoisy"
 STATE_CAROLINE: "Châlerine"
 STATE_FLANDRE_SUPERIEURE: "Flande Supéryeure"
 STATE_NOUVELLE_LORRAINE: "Nouvèl Loraine"
 
 #Plantegenia
 STATE_NOUVELLE_FRANCE: "Nouvelle France"
 STATE_CHARLESIE: "Charlésie"
 STATE_TUSKGI: "Tuskgi"
 STATE_LEONIE: "Léonie"
 STATE_ALIBAMON: "Alibamon"
 STATE_PAYS_CHEROKIS: "Pays Chérokîs"
 STATE_NOUVEAU_LEINSTRE: "Nouveau Leinstre"
 STATE_MESSISIPI: "Messippi"
 STATE_PAYS_DES_ILLINOIS: "Pays des Illinois"
 STATE_OUISKONSIN: "Ouiskonsin"
 STATE_LES_PAINS: "Les Pains"
 STATE_OSAGERIE: "Osagerie"
 STATE_AKANSA: "Akansa"
 STATE_MONT_AUX_ARCS: "Mont Aux Arcs"
 STATE_NOUVELLE_ANGLETERRE: "Nouvelle Angleterre"
 STATE_CHAOUENONS: "Chaouenons"
 STATE_SANACOMIE: "Sanacomie"
 STATE_LOUISIANE_ROYALE: "Lousiane Royale"
 STATE_AIOUEZ: "Aiouez"
 #Cherokee
 STATE_PAYS_TSALAGI: "Pays Tsalagi"
 
 #Vinland
 STATE_VINLAND: "Vinland"
 STATE_KRONELAND: "Kroneland"
 STATE_MARKLAND: "Markland"
 STATE_KRISTIANIA: "Kristiania"
 STATE_HELLULAND: "Helluland"
 STATE_KARIBJORNIA: "Karibjornia"
 STATE_KALMARSBORG: "Kalmarsborg"
 STATE_NORDELV: "Nordelv"
 STATE_NUREMBORG: "Nuremborg"
 STATE_MASGIRLAND: "Masgirland"
 #Skraelingland
 STATE_SKRAELINGMARK: "Skrælingmark"
 STATE_WINEPI: "Winepi"
 STATE_ODAWAMARK: "Odawamark"
 STATE_MENEMENE: "Menemene"
 STATE_POTOMIMARK: "Potomimark"
 STATE_ILLNIMARK: "Illnimark"
 STATE_GANIGIALAND: "Ganigialand"
 STATE_ERIESLAND: "Eriesland"
 STATE_COSKAQUIAS: "Coskaquias"
 
 #Qingqiu
 STATE_QINGQIU: "Qingqiu"
 STATE_DONGJI: "Dongji"
 STATE_XIAZHOU: "Xiazhou"
 STATE_JULINYUTIAN: "Julinyutian"
 STATE_DAYAN: "Dayan"
 STATE_XINGYE: "Xingye"
 STATE_SANBAO: "Sanbao"
 STATE_DONGHAI: "Donghai"
 STATE_XINGTIAN: "Xingtian"
 STATE_ZHONGRONG: "Zhongrong"
 STATE_QIZHOU: "Qizhou"
 STATE_XIAOSU: "Xiaosu"
 STATE_TANGWANG: "Tangwang"
 STATE_DINGGUO: "Dingguo"
 STATE_WENYUAN: "Wenyuan"
 STATE_HEICHI: "Heichi"
 STATE_JINSHAN: "Jinshan"
 
 #Rohnnst
 STATE_ROHNNST: "Røhnnst"
 STATE_MEHTI: "Mehti"
 
 #Japan
 STATE_KITA_KAIGAN: "Kita Kaigan"
 STATE_GURETONOSU: "Chukian"
 STATE_GUMAO: "Aokone"
 
 #Venice
 STATE_ATHESIA: "Athesia"
 STATE_ELEUTHERA: "Eleuthera"
 
 #Burgundy
 STATE_EENDRACHTSLAND: "Eendrachtsland"
 
 #Sydoe
 STATE_SUDURHAFEYJAR: "Sydoe"
 STATE_RIGHAVN: "Righavn"
 
 #Gran Colombia
 #STATE_LUSITANIA: "Lusitania"
 STATE_TERRAS_VERMELHAS: "Terras Vermelhas"
 STATE_TEJAS: "Santa Bárbara"
 STATE_MANAGUA: "Manágua"
 
 #Check these again
 STATE_MESSIPPI_SUPERIEURE: "Messippi Supérieure"
 STATE_NOUVEAU_LANCASTRE: "Nouveau Lancastre"
 STATE_TERRES_CAU: "Terres-Cau"
 STATE_TERRES_ROUGES: "Terres-Rouges"
 STATE_NEBRASKIER: "Nebraskier"
 STATE_COMANCHERIE: "Comanche"
 STATE_APACHERIA: "Apache"
 STATE_TERRES_MAHA: "Terres-Maha"
 STATE_LAOFENG: "Laofeng"
 STATE_YULIN: "Yulin"
 STATE_HAIKOU: "Haikou"
 STATE_YICHENG: "Yicheng"
 STATE_BAIZEHU: "Baizehu"
 STATE_ODENSMARK: "Odensmark"
 STATE_GYLHENVIK: "Gylhenvik"
 STATE_TJORNIN: "Tjornin"
 
 ###EUROPE###
 #Dual Monarchy
 STATE_ARMAGNAC: "Armagnac"
 STATE_LIMOUSIN: "Limousin"
 STATE_LOIRE: "Loire"
 STATE_AUVERGNE: "Auvergne"

 #Burgundy
 STATE_ALSACE: "Alsace"
 
 #Scandinavia
 STATE_ANGERMANLAND: "Ångermanland"
 STATE_JAMTLAND: "Jämtland"
 STATE_TAVASTIA: "Tavastia"
 STATE_MIDDLE_NORWAY: "Trøndelag"
 STATE_LAPLAND: "Lapland"
 
 #Russia
 STATE_SOUTH_KARELIA: "Äänisen Karjala"
 
 #Germany
 STATE_EAST_FRISIA: "East Frisia"
 STATE_THURINGIA: "Thuringia"
 STATE_SILESIA: "Lower Silesia"
 STATE_UPPER_SILESIA: "Upper Silesia"
 
 #Spain
 STATE_CARTAGENA: "Cartagena"
 
 #Begka
 STATE_VOJVODINA: "Vojvodina"
 
 #Crimea
 STATE_YEDISAN: "Yedisan"
 STATE_DANU: "Danu"
 STATE_QOBAN: "Qoban"
 STATE_DVG_CRIMEA: "Crimea"
 
 #Bashkiria
 STATE_IDEL: "Idel"
 STATE_BASHKORTOSTAN: "Bashkortostan"
 
 ###ASIA###

 #Afghanistan
 STATE_WESTERN_AFGHANISTAN: "Western Afghanistan"
 STATE_EASTERN_AFGHANISTAN: "Eastern Afghanistan"
 
 #Jharkhand
 STATE_JHARKHAND: "Chhota Nagpur"
 
 #Bengal
 STATE_KOLKATA: "West Bengal"
 STATE_NORTH_BENGAL: "North Bengal"

 
 #Indochina
 STATE_NAKHON_RATCHASIMA: "Isan"
 
 #Dzungar
 STATE_DVG_URALSK: "Atyray"
 STATE_DVG_AKMOLINSK: "Astana"
 STATE_DVG_SEMIRECHE: "Zhetysu"
 STATE_SUIYUAN: "Suiyuan"
 STATE_HINGGAN: "Chahar"
 
 #Uncolonised
 STATE_ALRUB: "Rub al Khali"
 
 ###ZHOURAO###
 #all Zhourao states - organise this
 STATE_ZHENG_HE: "Shuangrong"
 STATE_QINGSHUI: "Yaluo"
 STATE_PARLEVAR: "Vargø og Kænguruholm"
 STATE_TAITUNG: "Ruisha"
 STATE_WEIZHOU: "Tingzhou"
 STATE_YONGJIA: "Yongjia"
 STATE_PITJANTJAJARA: "Tanami"
 STATE_COOMALONG: "Nouvelle-Zélande"
 STATE_WENCHENG: "Wencheng"
 STATE_OODNATTA: "Uluru"
 STATE_NOONGAR: "Rivière des Cygnes"
 STATE_YOLNGU: "Margere"
 STATE_MOTU_PARI: "Motu Pari"
 STATE_MOTU_TIMU: "Ny Sjælland"
 STATE_WEIHUAI: "Weihuai"
 STATE_JINZHOU: "Jinzhou"
 STATE_YONGLING: "Yongling"
 STATE_GUANSHAN: "Guanshan"
 STATE_XINXIANG: "Xinxiang"
 
 ###AFRICA###
 #Venice
 STATE_TERRA_DORO: "Terra d'Oro"
 
 STATE_MAROUA: "Maroua"
 
 #Vryland
 STATE_NOORDLAND: "Noordland"
 STATE_TRANS_ORANJE: "Trans-Oranje"
 
###EASTERN EUROPE###
## NOTE that some states are here due to being updated in the 1.7 patch
 STATE_DVG_MOSCOW: "Moscow"
 STATE_DVG_VYATKA: "Viatka"
 STATE_DVINA: "Dvina"
 STATE_OKA: "Oka"
 STATE_DVG_ROSTOV: "Don-Volga"
 STATE_SLOBOZ: "Sloboda Ukraine"
 STATE_DVG_KURSK: "Eastern Ukraine"
 STATE_DVG_KIEV: "Kyiv"
 STATE_BRYANSK: "Bryansk"
 STATE_ORSHA: "Orsha"
 STATE_DVG_SMOLENSK: "Smolensk"
 STATE_DVG_INGRIA: "Ingria"
 STATE_ESTONIA: "Estonia"
 STATE_LATVIA: "Livonia"
 STATE_LITHUANIA: "Lithuania"
 STATE_DVG_MINSK: "Minsk"
 STATE_DVG_BREST: "Grodno"
 STATE_DVG_VOLHYNIA: "Volhynia"
 STATE_DVG_OSTROBOTHNIA: "Ostrobothnia"
 STATE_DVG_EAST_KARELIA: "Vienan Karjala"
 STATE_DVG_WEST_KARELIA: "Laatokan Karjala"
 STATE_SOUTHERN_FINLAND: "Finland"
 STATE_DVG_NOVGOROD: "Novgorod"
 STATE_DVG_ARKHANGELSK: "Arkhangelsk"
 STATE_DVG_NENETSIA: "Nenetsia"
 STATE_DVG_PERM: "Perm"
 STATE_DVG_GALICH: "Povolzhye"
 STATE_DVG_TVER: "Tver"
 STATE_DVG_VYATKA: "Viatka"
 STATE_DVG_LESSER_POLAND: "Lesser Poland"
 STATE_DVG_GREATER_POLAND: "Greater Poland"
 STATE_DVG_MAZOVIA: "Mazovia"

 #Armenia
 STATE_ARMENIA: "Ayarat"

 #Timor

 STATE_TIMOR: "Timor"